{
    "football.json": {
        "ten": 23.292873099964716,
        "arsenal": 19.709354161508603,
        "ballon": 19.709354161508603,
        "hag": 17.91759469228055,
        "utd": 16.125835223052494,
        "dor": 16.125835223052494,
        "madrid": 14.281959752685427,
        "real": 13.183347464017316,
        "united": 11.090354888959125,
        "man": 10.39720770839918
    },
    "soccer.json": {
        "u21": 82.42093558449052,
        "01": 30.459910976876934,
        "portugal": 28.66815150764888,
        "nations": 20.873633484694086,
        "saint": 17.91759469228055,
        "poland": 16.125835223052494,
        "denmark": 14.33407575382444,
        "gabon": 14.33407575382444,
        "morocco": 14.33407575382444,
        "uefa": 14.281959752685427
    },
    "montreal.json": {
        "montreal": 37.62694885378915,
        "à": 37.62694885378915,
        "le": 32.25167044610499,
        "un": 26.876392038420825,
        "et": 25.08463256919277,
        "les": 23.292873099964716,
        "dans": 21.50111363073666,
        "pour": 21.50111363073666,
        "montréal": 17.91759469228055,
        "metro": 16.125835223052494
    },
    "sports.json": {
        "highlight": 19.775021196025975,
        "nba": 12.542316284596385,
        "series": 12.542316284596385,
        "dodgers": 12.542316284596385,
        "nfl": 10.75055681536833,
        "field": 8.958797346140274,
        "star": 7.690286020676768,
        "finals": 7.690286020676768,
        "ohtani": 7.16703787691222,
        "chiefs": 7.16703787691222
    },
    "tennis.json": {
        "def": 66.29510036143803,
        "64": 39.418708323017206,
        "rr": 35.8351893845611,
        "atp": 35.15559323737951,
        "finals": 30.761144082707073,
        "sinner": 28.66815150764888,
        "rublev": 21.50111363073666,
        "r1": 21.50111363073666,
        "alcaraz": 19.775021196025975,
        "doubles": 19.709354161508603
    },
    "volleyball.json": {
        "volleyball": 53.75278407684165,
        "form": 14.281959752685427,
        "help": 9.010913347279288,
        "hitting": 8.958797346140274,
        "tips": 7.690286020676768,
        "cev": 7.16703787691222,
        "leg": 7.16703787691222,
        "clips": 7.16703787691222,
        "swing": 7.16703787691222,
        "everyone": 5.493061443340549
    }
}